{
	"partitions" : [
		{
			"name" : "Top",
			"pins" : [
				{
					"name" : "led",
					"strict" : false
				},
				{
					"name" : "tx_wire",
					"strict" : false
				},
				{
					"name" : "reloj",
					"strict" : false
				},
				{
					"name" : "sw[0]",
					"strict" : false
				},
				{
					"name" : "sw[1]",
					"strict" : false
				},
				{
					"name" : "sw[2]",
					"strict" : false
				},
				{
					"name" : "sw[3]",
					"strict" : false
				}
			]
		}
	]
}