{
	"partitions" : [
		{
			"name" : "Top",
			"pins" : [
				{
					"name" : "led1",
					"strict" : false
				},
				{
					"name" : "led2",
					"strict" : false
				},
				{
					"name" : "led3",
					"strict" : false
				},
				{
					"name" : "led4",
					"strict" : false
				},
				{
					"name" : "led5",
					"strict" : false
				},
				{
					"name" : "led6",
					"strict" : false
				},
				{
					"name" : "led7",
					"strict" : false
				},
				{
					"name" : "led8",
					"strict" : false
				},
				{
					"name" : "reloj",
					"strict" : false
				}
			]
		}
	]
}