{
	"partitions" : [
		{
			"name" : "Top",
			"pins" : [
				{
					"name" : "FILAS[0]",
					"strict" : false
				},
				{
					"name" : "FILAS[1]",
					"strict" : false
				},
				{
					"name" : "FILAS[2]",
					"strict" : false
				},
				{
					"name" : "FILAS[3]",
					"strict" : false
				},
				{
					"name" : "IND",
					"strict" : false
				},
				{
					"name" : "LED_out[0]",
					"strict" : false
				},
				{
					"name" : "LED_out[1]",
					"strict" : false
				},
				{
					"name" : "LED_out[2]",
					"strict" : false
				},
				{
					"name" : "LED_out[3]",
					"strict" : false
				},
				{
					"name" : "LED_out[4]",
					"strict" : false
				},
				{
					"name" : "LED_out[5]",
					"strict" : false
				},
				{
					"name" : "LED_out[6]",
					"strict" : false
				},
				{
					"name" : "BOTON_PRES[0]",
					"strict" : false
				},
				{
					"name" : "BOTON_PRES[1]",
					"strict" : false
				},
				{
					"name" : "BOTON_PRES[2]",
					"strict" : false
				},
				{
					"name" : "BOTON_PRES[3]",
					"strict" : false
				},
				{
					"name" : "CLK",
					"strict" : false
				},
				{
					"name" : "COLUMNAS[1]",
					"strict" : false
				},
				{
					"name" : "COLUMNAS[3]",
					"strict" : false
				},
				{
					"name" : "COLUMNAS[2]",
					"strict" : false
				},
				{
					"name" : "COLUMNAS[0]",
					"strict" : false
				}
			]
		}
	]
}