{
	"partitions" : [
		{
			"name" : "Top",
			"pins" : [
				{
					"name" : "red[0]",
					"strict" : false
				},
				{
					"name" : "red[1]",
					"strict" : false
				},
				{
					"name" : "red[2]",
					"strict" : false
				},
				{
					"name" : "red[3]",
					"strict" : false
				},
				{
					"name" : "green[0]",
					"strict" : false
				},
				{
					"name" : "green[1]",
					"strict" : false
				},
				{
					"name" : "green[2]",
					"strict" : false
				},
				{
					"name" : "green[3]",
					"strict" : false
				},
				{
					"name" : "blue[0]",
					"strict" : false
				},
				{
					"name" : "blue[1]",
					"strict" : false
				},
				{
					"name" : "blue[2]",
					"strict" : false
				},
				{
					"name" : "blue[3]",
					"strict" : false
				},
				{
					"name" : "h_sync",
					"strict" : false
				},
				{
					"name" : "v_sync",
					"strict" : false
				},
				{
					"name" : "clk25Mhz",
					"strict" : false
				},
				{
					"name" : "clk50Mhz",
					"strict" : false
				}
			]
		}
	]
}